{
  "train_loss": [
    5.151807,
    3.300732,
    2.936064,
    2.756073,
    2.662013,
    2.593012,
    2.395397,
    2.222602,
    2.107129,
    2.021386,
    1.957054,
    1.89812,
    1.850529,
    1.815883,
    1.78324,
    1.756849,
    1.736278,
    1.719871,
    1.707943,
    1.690875,
    1.683264,
    1.675709,
    1.679012,
    1.671341,
    1.677525
  ],
  "val_loss": [
    2.981307,
    2.416469,
    2.3021,
    2.247644,
    2.228529,
    2.140737,
    1.989309,
    1.890823,
    1.820662,
    1.776278,
    1.73956,
    1.70888,
    1.685082,
    1.664911,
    1.652055,
    1.638175,
    1.628913,
    1.622251,
    1.616527,
    1.613011,
    1.609383,
    1.608051,
    1.608239,
    1.60726,
    1.608354
  ],
  "train_acc": [
    8.4352,
    33.2139,
    40.4664,
    44.3925,
    46.6619,
    48.5217,
    54.3142,
    59.3849,
    63.1508,
    65.7026,
    67.612,
    69.3727,
    71.031,
    71.9427,
    72.79,
    73.824,
    74.2237,
    75.0017,
    75.185,
    75.9068,
    75.9316,
    76.3247,
    76.0984,
    76.3957,
    76.1248
  ],
  "val_acc": [
    38.8185,
    53.8614,
    57.802,
    60.0066,
    60.495,
    63.3597,
    67.9472,
    70.5611,
    72.7657,
    74.0198,
    75.0363,
    76.0528,
    76.6337,
    77.2541,
    77.6568,
    78.1122,
    78.2838,
    78.4158,
    78.5017,
    78.6337,
    78.8845,
    78.8119,
    78.7129,
    78.8251,
    78.7723
  ],
  "phase2_start_epoch": 6,
  "best_val_acc_phase1": 60.495,
  "best_val_acc_phase2": 78.8845,
  "test_acc_top1": 83.0733,
  "test_acc_top5": 96.2257,
  "total_epochs": 25
}